product_name,brand,normalized_name,notes
Redken Cerafill Retaliate Stemoxydine – 90 ml,Redken,cerafill retaliate stemoxydine -,No matching candidate found
All Soft Shampoo – 500 ml,Thalion,all soft shampoo -,No matching candidate found
ThaliSens Sparkling Citrus animation set,ThaliSens,sparkling citrus animation set,No matching candidate found
Thalion TVS Liposculpt Adipose Cellulite concentr. 200ml,Thalion,tvs liposculpt adipose cellulite concentr.,No matching candidate found
Thalion TVS Fibrosculpt Fibrotic Cellulite concentr. 200ml,Thalion,tvs fibrosculpt fibrotic cellulite concentr.,No matching candidate found
Thalion TVS Aquasculpt Oedematous Cellulite concentr. 200ml,Thalion,tvs aquasculpt oedematous cellulite concentr.,No matching candidate found
Thalion Super Teint Herbal Tea 20 sachets,Thalion,super teint herbal tea,No matching candidate found
Thalion Super Peau Herbal Tea 20 sachets,Thalion,super peau herbal tea,No matching candidate found
Thalion Super Equilibre Algea extract 20 pcs,Thalion,super equilibre algea extract,No matching candidate found
Thalion AlgoPur Animation kit,Thalion,algopur animation kit,No matching candidate found
Thalion Hydra-Marine Moist. Thirst-Quenching Gel-cream 50 ml,Thalion,hydra-marine moist. thirst-quenching gel-cream,No matching candidate found
Thalion Precious Oil 30ml,Thalion,precious oil,No matching candidate found
